timestamp,value,trend_component,seasonal_daily,seasonal_weekly,noise
0,100.24835707650561,100.0,0.0,0.0,0.24835707650561634
1,101.347136657756,100.01,1.2940952255126037,0.11217358282897688,-0.06913215058559233
2,103.06803454980961,100.02,2.4999999999999996,0.22419028075927278,0.32384426905034625
3,104.66294226244668,100.03,3.5355339059327373,0.3358934283099236,0.7615149282040127
4,104.70017713008906,100.04,4.330127018922193,0.44712679852852333,-0.11707668736166799
5,105.3202954744595,100.05,4.8296291314453415,0.5577348214887438,-0.11706847847459027
6,106.51716920962264,100.06,5.0,0.6675628018689432,0.7896064077536957
7,106.05980363132936,100.07,4.8296291314453415,0.7764571353075622,0.3837173645764544
8,105.05965534918744,100.08,4.330127018922194,0.8842655232327126,-0.23473719296747605
9,104.88765111359122,100.09,3.5355339059327378,0.9908371858655013,0.27128002179298233
10,103.46431422669295,100.1,2.4999999999999996,1.096023073099185,-0.23170884640623113
11,102.3709064216867,100.11,1.294095225512605,1.1996760729592229,-0.23286487678512843
12,101.54263235313569,100.12,6.123233995736766e-16,1.3016512173526744,0.12098113578301706
13,99.28107053697768,100.13,-1.294095225512604,1.4018058848191859,-0.956640122328899
14,98.27754108374349,100.14,-2.4999999999999987,1.4999999999999998,-0.8624589162565164
15,97.9294185589928,100.15,-3.5355339059327355,1.5960962295460097,-0.28114376462048635
16,97.01341759510146,100.16,-4.330127018922192,1.6899601741908663,-0.5064155601672119
17,97.2789550915728,100.17,-4.8296291314453415,1.781460556720505,0.15712366629763694
18,96.5964573678156,100.18,-5.0,1.8704694055762006,-0.45401203776060545
19,96.61108125172136,100.19,-4.829629131445342,1.956862233834363,-0.7061518506676457
20,98.64321557885135,100.2,-4.330127018922193,2.040518213312758,0.732824384460777
21,98.68289828738364,100.21,-3.5355339059327386,2.1213203435596424,-0.11288815024326783
22,99.95291971783344,100.22,-2.500000000000002,2.1991556154894787,0.03376410234396192
23,100.49744585081703,100.23,-1.294095225512608,2.273915169436359,-0.7123740931067284
24,102.3133030851415,100.24,-1.2246467991473533e-15,2.3454944474040893,-0.27219136226259133
25,104.01334985966754,100.25,1.2940952255126055,2.413793339300005,0.05546129485493304
26,104.66321953423684,100.26,2.5,2.4787163229479847,-0.5754967887111514
27,106.53355551279043,100.27,3.535533905932737,2.5401725976848524,0.18784900917283598
28,106.90788388531611,100.28,4.330127018922192,2.598076211353316,-0.3003193449594025
29,107.62612843706255,100.29,4.8296291314453415,2.6523461805138293,-0.1458468748966384
30,107.70205329759256,100.3,5.0,2.7029066037072575,-0.30085330611469846
31,108.81545499130975,100.31,4.829629131445342,2.749686767609928,0.9261390922544689
32,107.43599965248583,100.32,4.330127018922195,2.7926212459326125,-0.0067486123689669605
33,106.16832843237988,100.33,3.5355339059327355,2.8316499909251025,-0.5288554644779502
34,106.11799087341002,100.34,2.499999999999999,2.866718417358422,0.4112724560515945
35,103.93145087939429,100.35,1.294095225512604,2.8977774788672046,-0.6104218249855111
36,103.38921553404784,100.36,1.8369701987210296e-15,2.924783736545471,0.1044317975023777
37,101.04376913224736,100.37,-1.2940952255126006,2.9476994196998647,-0.9798350619398878
38,100.18239945422617,100.38,-2.499999999999996,2.9664924786753857,-0.6640930244492153
39,99.93403334168156,100.39,-3.535533905932733,2.9811366296797277,0.09843061793456176
40,99.43071766261906,100.4,-4.330127018922194,2.9916113915435405,0.3692332899977052
41,98.66395712351483,100.41,-4.829629131445339,2.9979021143651954,0.08568414059498525
42,98.36217585880588,100.42,-5.0,3.0,-0.057824141194120264
43,98.4477211351252,100.43,-4.829629131445342,2.997902114365196,-0.1505518477946444
44,98.36222337743763,100.44,-4.330127018922195,2.9916113915435405,-0.7392609951837137
45,99.53568061954964,100.45,-3.535533905932736,2.9811366296797277,-0.3599221041973543
46,100.69617309319548,100.46,-2.500000000000007,2.9664924786753857,-0.23031938547989375
47,102.65216530729671,100.47,-1.2940952255126048,2.9476994196998647,0.5285611131094579
48,103.5765928813297,100.48,-2.4492935982947065e-15,2.924783736545471,0.1718091447842307
49,103.80035262669843,100.49,1.2940952255126001,2.897777478867205,-0.881520077681367
50,106.02876040205582,100.5,2.5000000000000027,2.866718417358422,0.1620419846973975
51,106.68464275664968,100.51,3.535533905932733,2.8316499909251025,-0.19254114020815827
52,107.30428726470183,100.52,4.330127018922194,2.7926212459326125,-0.33846100015297936
53,108.41515404347571,100.53,4.829629131445341,2.7496867676099286,0.30583814442043394
54,108.75840636495525,100.54,5.0,2.7029066037072575,0.5154997612479755
55,108.49761537151727,100.55,4.829629131445341,2.6523461805138293,0.4656400595580993
56,107.0685944686642,100.56,4.330127018922196,2.598076211353316,-0.41960876161131927
57,106.49110031569198,100.57,3.535533905932743,2.540172597684853,-0.1546061879256073
58,105.72434803864977,100.58,2.5,2.4787163229479843,0.16563171570178198
59,104.78566112837379,100.59,1.2940952255126055,2.4137933393000055,0.4877725635611796
60,102.70590732848146,100.6,1.1943401194869634e-14,2.3454944474040897,-0.23958711892264498
61,101.49699045559184,100.61,-1.2940952255125993,2.273915169436359,-0.09282948833190856
62,99.76598812848647,100.62,-2.4999999999999947,2.199155615489479,-0.5531674870030141
63,98.61768312558657,100.63,-3.5355339059327386,2.121320343559643,-0.5981033120403354
64,98.75665410558767,100.64,-4.330127018922188,2.040518213312758,0.406262911197099
65,98.45535311667443,100.65,-4.829629131445341,1.956862233834364,0.6781200142854115
66,97.49446434478604,100.66,-5.0,1.8704694055762008,-0.03600506079016692
67,98.12359787422118,100.67,-4.829629131445342,1.7814605567205049,0.5017664489460121
68,98.22065116779248,100.68,-4.330127018922192,1.6899601741908654,0.18081801252381707
69,98.4280024463107,100.69,-3.5355339059327435,1.59609622954601,-0.32255987730256214
70,99.88069780275421,100.7,-2.5000000000000004,1.5000000000000009,0.18069780275420697
71,101.58672894253957,100.71,-1.2940952255125973,1.4018058848191854,0.7690182832329846
72,102.00373819779769,100.72,-3.673940397442059e-15,1.3016512173526746,-0.01791301955497577
73,104.00609312637881,100.73,1.2940952255125902,1.1996760729592242,0.7823218279070031
74,103.02615052105432,100.74,2.4999999999999942,1.0960230730991845,-1.3098725520448722
75,105.68732234398585,100.75,3.5355339059327378,0.9908371858655016,0.4109512521876119
76,106.01791607627399,100.76,4.330127018922188,0.8842655232327138,0.04352353411908561
77,106.22658259151997,100.77,4.829629131445341,0.7764571353075631,-0.14950367523293373
78,106.49344319013669,100.78,5.0,0.6675628018689435,0.04588038826775115
79,105.18357949563364,100.79,4.829629131445342,0.5577348214887436,-0.9937844573004464
80,105.46741787353197,100.8,4.330127018922193,0.44712679852852416,-0.10983594391875597
81,104.85998361999854,100.81,3.5355339059327435,0.33589342830992397,0.1785562857558732
82,104.28313730313003,100.82,2.500000000000017,0.224190280759274,0.738947022370758
83,101.97713369920474,100.83,1.294095225512598,0.11217358282897633,-0.2591351091368237
84,100.43575319855341,100.84,4.2862637970157365e-15,3.6739403974420594e-16,-0.4042468014465938
85,99.19285266986614,100.85,-1.2940952255126068,-0.11217358282897694,-0.25087852179226827
86,98.59351077809177,100.86,-2.499999999999994,-0.22419028075927194,0.45770105885103707
87,97.1629482205872,100.87,-3.5355339059327253,-0.3358934283099232,0.16437555482984223
88,95.83786608066578,100.88,-4.330127018922188,-0.4471267985285221,-0.2648801018835194
89,95.75926976362258,100.89,-4.829629131445341,-0.5577348214887442,0.25663371655667805
90,95.28097597280508,100.9,-5.0,-0.6675628018689428,0.048538774674020194
91,95.78823622851353,100.91,-4.829629131445343,-0.7764571353075624,0.4843224952664446
92,95.35458091090642,100.92,-4.330127018922202,-0.8842655232327118,-0.3510265469386762
93,96.23979783490289,100.93,-3.535533905932744,-0.9908371858654996,-0.1638310732988841
94,97.14792285033472,100.94,-2.5000000000000018,-1.0960230730991851,-0.19605407656607882
95,97.72447122746213,100.95,-1.2940952255125984,-1.1996760729592233,-0.7317574740660593
96,99.80640892117961,100.96,-4.898587196589413e-15,-1.301651217352674,0.14806013853228803
97,100.99281697678336,100.97,1.294095225512589,-1.4018058848191848,0.13052763608994467
98,101.98255672832121,100.98,2.499999999999993,-1.4999999999999991,0.002556728321230445
99,102.81214410969915,100.99,3.5355339059327373,-1.5960962295460104,-0.11729356668757346
100,102.93248147370612,101.0,4.330127018922197,-1.6899601741908663,-0.7076853710252071
101,103.84784591334217,101.01,4.829629131445341,-1.781460556720504,-0.21032266138267952
102,103.97817333616041,101.02,5.0,-1.8704694055762001,-0.17135725826338474
103,103.50162826300019,101.03,4.829629131445343,-1.9568622338343626,-0.40113863461080945
104,103.24896594977643,101.04,4.330127018922193,-2.040518213312758,-0.08064285583300457
105,102.66623899078036,101.05,3.5355339059327315,-2.1213203435596424,0.2020254284072692
106,102.30393733511579,101.06,2.500000000000002,-2.199155615489479,0.9430929506052651
107,100.17746896249217,101.07,1.2940952255126161,-2.273915169436359,0.08728890641591948
108,98.86328074795729,101.08,5.5109105961630896e-15,-2.3454944474040893,0.12877519536138218
109,97.34488847730432,101.09,-1.2940952255125884,-2.413793339300004,-0.03722295788308361
110,95.16189806940247,101.1,-2.500000000000008,-2.4787163229479847,-0.9593856076495207
111,95.0210365586578,101.11,-3.535533905932737,-2.5401725976848524,-0.013256937724608439
112,94.22191187469502,101.12,-4.330127018922187,-2.598076211353315,0.03011510497051322
113,94.87964574428347,101.13,-4.829629131445341,-2.6523461805138298,1.231621056242643
114,93.34091291390217,101.14,-5.0,-2.702906603707257,-0.09618048239056126
115,93.72145777211153,101.15,-4.829629131445339,-2.749686767609929,0.15077367116680623
116,94.01989585029257,101.16,-4.330127018922193,-2.792621245932613,-0.017355884852621656
117,94.21847708433238,101.17,-3.535533905932745,-2.8316499909251025,-0.584339018809766
118,96.3846929898991,101.18,-2.5000000000000027,-2.8667184173584217,0.5714114072575103
119,97.37409381196356,101.19,-1.2940952255126168,-2.897777478867204,0.37596651634338707
120,98.67073223697604,101.2,-2.3886802389739268e-14,-2.924783736545471,0.39551597352152346
121,99.10170207841537,101.21,1.294095225512605,-2.9476994196998647,-0.45469372739736946
122,101.45490467679264,101.22,2.499999999999992,-2.9664924786753857,0.7013971554680496
123,101.08347174485687,101.23,3.535533905932724,-2.9811366296797277,-0.7009255313961404
124,102.87194417427877,101.24,4.3301270189221865,-2.9916113915435405,0.29342854690013515
125,104.17695482998515,101.25,4.82962913144534,-2.9979021143651954,1.0952278129049893
126,102.76473183743467,101.26,5.0,-3.0,-0.49526816256534417
127,102.81857815227876,101.27,4.829629131445339,-2.997902114365196,-0.28314886480138596
128,102.66834130992248,101.28,4.3301270189222025,-2.9916113915435405,0.04982568254382061
129,101.59265944919494,101.29,3.5355339059327457,-2.9811366296797277,-0.2517378270580996
130,100.05817580579154,101.3,2.5000000000000036,-2.966492478675386,-0.7753317155330663
131,99.69067729321576,101.31,1.2940952255126004,-2.9476994196998643,0.034281487403013663
132,97.86406440659147,101.32,-1.1028010998692062e-14,-2.924783736545471,-0.5311518568630524
133,97.37492351093779,101.33,-1.2940952255125873,-2.897777478867205,0.2367962153175908
134,95.51356946552468,101.34,-2.4999999999999916,-2.866718417358422,-0.4597121171169016
135,95.75778330565093,101.35,-3.5355339059327355,-2.8316499909251025,0.7749672025087697
136,93.84562508897707,101.36,-4.330127018922195,-2.7926212459326125,-0.39162664616811854
137,93.62965334284189,101.37,-4.829629131445344,-2.7496867676099286,-0.1610307581028378
138,94.08385200497757,101.38,-5.0,-2.702906603707258,0.4067586086848349
139,93.29259252982385,101.39,-4.829629131445344,-2.65234618051383,-0.6154321582169776
140,94.58552673702656,101.4,-4.3301270189221945,-2.598076211353317,0.11372996730206471
141,95.9878648735236,101.41,-3.535533905932758,-2.540172597684853,0.653571377141214
142,95.63754205977142,101.42,-2.4999999999999885,-2.4787163229479843,-0.8037416172806138
143,97.81442836445353,101.43,-1.2940952255126181,-2.4137933393000046,0.0923169292661521
144,99.2244469497201,101.44,-7.347880794884118e-15,-2.3454944474040897,0.12994139712421177
145,100.8610914919649,101.45,1.2940952255126037,-2.27391516943636,0.3909114358886552
146,101.14236902907143,101.46,2.4999999999999756,-2.199155615489481,-0.618475355439041
147,102.22398525583097,101.47,3.535533905932748,-2.121320343559643,-0.6602283065421382
148,104.03057958841788,101.48,4.3301270189221865,-2.0405182133127573,0.2609707828084488
149,104.51125923422758,101.49,4.82962913144534,-1.956862233834363,0.14849233661659303
150,104.75477701959673,101.5,5.0,-1.870469405576201,0.12524642517293827
151,104.73139267947333,101.51,4.8296291314453486,-1.7814605567205062,0.17322410474848784
152,103.82015448394208,101.52,4.330127018922203,-1.689960174190868,-0.3400123607892454
153,103.58556452496725,101.53,3.535533905932746,-1.5960962295460104,0.11612684858050178
154,102.68653623664935,101.54,2.5000000000000044,-1.5000000000000013,0.14653623664934062
155,101.08511363168024,101.55,1.2940952255126015,-1.4018058848191859,-0.3571757090131839
156,101.19123603821974,101.56,2.5723772588460302e-14,-1.301651217352675,0.9328872555723783
157,99.31314516198407,101.57,-1.294095225512586,-1.1996760729592244,0.23691646045589376
158,97.3883251782995,101.58,-2.4999999999999907,-1.0960230730991847,-0.5956517486013243
159,97.39190571251868,101.59,-3.535533905932735,-0.990837185865502,0.32827680431691486
160,95.89826662273143,101.6,-4.330127018922195,-0.8842655232327141,-0.4873408351136607
161,96.39745603511832,101.61,-4.829629131445335,-0.776457135307562,0.393542301871226
162,96.53173498763476,101.62,-5.0,-0.6675628018689439,0.579297789503702
163,95.83229488789004,101.63,-4.829629131445344,-0.5577348214887453,-0.41034115917585523
164,97.34443424717142,101.64,-4.330127018922212,-0.4471267985285258,0.4816880646221609
165,97.98496312922556,101.65,-3.5355339059327595,-0.33589342830992697,0.20639046346824916
166,99.34683979923798,101.66,-2.4999999999999893,-0.22419028075927172,0.411030079997245
167,101.21212768298543,101.67,-1.2940952255125848,-0.11217358282897671,0.9483964913269737
168,101.55730594199856,101.68,-8.572527594031473e-15,-7.347880794884119e-16,-0.12269405800143525
169,102.71940072616283,101.69,1.2940952255126026,0.1121735828289779,-0.3768680821787448
170,103.97943306594651,101.7,2.5000000000000053,0.2241902807592729,-0.44475721481276165
171,105.17352219175991,101.71,3.5355339059327218,0.3358934283099228,-0.40790514248271914
172,106.45870296274364,101.72,4.330127018922186,0.4471267985285218,-0.0385508547070521
173,107.28793994034241,101.73,4.82962913144534,0.5577348214887412,0.17057598740832194
174,107.54590820153395,101.74,5.0,0.6675628018689426,0.13834539966500953
175,107.76967789127092,101.75,4.8296291314453486,0.7764571353075607,0.4135916245180119
176,106.98089348809387,101.76,4.330127018922203,0.8842655232327103,0.00650094593895351
177,107.02313813037688,101.77,3.5355339059327218,0.990837185865503,0.7267670385786584
178,105.24369465648022,101.78,2.5000000000000053,1.096023073099186,-0.13232841661897804
179,105.64385588176664,101.79,1.2940952255126026,1.199676072959223,1.3600845832948094
180,103.41448489123516,101.8,-8.578717400397356e-15,1.3016512173526738,0.3128336738825031
181,101.48913188109847,101.81,-1.2940952255125848,1.4018058848191846,-0.4285787782081413
182,100.28455375096945,101.82,-2.4999999999999893,1.5,-0.5354462490305562
183,100.13179853123486,101.83,-3.535533905932734,1.596096229546009,0.24123620762159265
184,99.08810176260575,101.84,-4.330127018922177,1.6899601741908645,-0.11173139266292545
185,99.15883167232121,101.85,-4.829629131445335,1.7814605567205026,0.357000247046046
186,98.96708821786298,101.86,-5.0,1.870469405576198,0.23661881228677242
187,98.9608186460606,101.87,-4.829629131445335,1.9568622338343642,-0.03641445632843639
188,99.16699433535635,101.88,-4.330127018922195,2.040518213312758,-0.4233968590342025
189,99.71836282528398,101.89,-3.535533905932735,2.121320343559642,-0.7574236123429323
190,101.37589813945598,101.9,-2.4999999999999907,2.1991556154894796,-0.22325747603351054
191,103.31801934108547,101.91,-1.2940952255126204,2.273915169436359,0.42819939716173616
192,104.37254131946918,101.92,-9.797174393178826e-15,2.345494447404089,0.10704687206510198
193,105.01501917545662,101.93,1.2940952255126015,2.413793339300004,-0.622869389355994
194,107.00530678587354,101.94,2.4999999999999734,2.478716322947983,0.086590462925591
195,108.218365193482,101.95,3.5355339059327213,2.540172597684852,0.1926586898644184
196,108.44627451217492,101.96,4.330127018922186,2.598076211353315,-0.4419287181005665
197,109.52883786493193,101.97,4.82962913144533,2.652346180513828,0.07686255297276395
198,109.71201096293026,101.98,5.0,2.702906603707258,0.029104359222999948
199,108.99783075013995,101.99,4.82962913144534,2.749686767609929,-0.5714851489153115
200,109.30164194502893,102.0,4.3301270189221865,2.7926212459326125,0.17889368017414164
201,108.65757616004197,102.01,3.535533905932748,2.8316499909251025,0.2803922631841172
202,107.92824403894606,102.02,2.500000000000006,2.8667184173584217,0.5415256215876385
203,106.74877373039728,102.03,1.2940952255126037,2.897777478867205,0.5269010260174515
204,104.27594905256696,102.04,2.8173066186755008e-14,2.9247837365454705,-0.6888346839785455
205,103.23469167422972,102.05,-1.2940952255125837,2.9476994196998643,-0.4689125199575614
206,102.78401011227973,102.06,-2.4999999999999885,2.9664924786753852,0.2575176336043299
207,101.77249569920312,102.07,-3.5355339059327084,2.9811366296797273,0.2568929754561044
208,100.99900821577437,102.08,-4.3301270189221945,2.9916113915435405,0.25752384315302396
209,102.18463872824721,102.09,-4.829629131445344,2.9979021143651954,1.9263657453273606
210,100.38544525534658,102.1,-5.0,3.0,0.2854452553465835
211,100.84605580301015,102.11,-4.829629131445344,2.9979021143651954,0.5677828200902995
212,101.25848525436795,102.12,-4.330127018922195,2.9916113915435405,0.47700088174660116
213,101.90129834939988,102.13,-3.5355339059327355,2.9811366296797277,0.325695625652899
214,102.44885785635519,102.14,-2.500000000000022,2.9664924786753857,-0.1576346223201728
215,104.18308880443388,102.15,-1.2940952255126215,2.9476994196998647,0.3794846102466337
216,104.69837112927668,102.16,-1.1021821192326179e-14,2.9247837365454714,-0.3864126072687859
217,106.24346340100978,102.17,1.294095225512566,2.897777478867205,-0.11840930337000444
218,107.30403664344385,102.18,2.4999999999999725,2.866718417358423,-0.24268177391455173
219,108.59812096655101,102.19,3.5355339059327457,2.831649990925102,0.04093706969316128
220,110.48007754819156,102.2,4.3301270189222025,2.7926212459326125,1.1573292833367543
221,108.85568330275939,102.21,4.829629131445339,2.7496867676099286,-0.933632596295874
222,110.26603669889452,102.22,5.0,2.702906603707258,0.34313009518725673
223,108.90561737636435,102.23,4.82962913144534,2.65234618051383,-0.8063579355948258
224,108.9322372973808,102.24,4.330127018922204,2.5980762113533173,-0.23596593289471673
225,108.8701818021013,102.25,3.535533905932749,2.5401725976848546,0.544475298483683
226,107.27085633249574,102.26,2.500000000000007,2.4787163229479843,0.032140009547731385
227,105.43901617584798,102.27,1.2940952255126392,2.413793339300005,-0.5388723889646531
228,104.26784259277414,102.28,2.9397712985902356e-14,2.34549444740409,-0.3576518546299841
229,103.60961881839113,102.29,-1.2940952255125826,2.27391516943636,0.3397988744673379
230,101.63397229963088,102.3,-2.5000000000000178,2.1991556154894774,-0.36518331585856834
231,101.0040157324179,102.31,-3.5355339059327324,2.1213203435596415,0.10822929479098743
232,100.05317711434245,102.32,-4.330127018922193,2.0405182133127577,0.022785919951906892
233,99.13143292858611,102.33,-4.829629131445343,1.9568622338343635,-0.32580017380290854
234,100.28244145023886,102.34,-5.0,1.8704694055762014,1.0719720446626628
235,99.61879093643417,102.35,-4.829629131445345,1.7814605567205064,0.3169595111590056
236,98.70726186193987,102.36,-4.330127018922196,1.6899601741908685,-1.0125712933288036
237,100.52378948099796,102.37,-3.5355339059327617,1.5960962295460126,0.09322715738471382
238,101.04910676761577,102.38,-2.500000000000023,1.500000000000004,-0.330893232384194
239,102.92392732670467,102.39,-1.2940952255126228,1.401805884819186,0.426216667398112
240,103.30539084813628,102.4,-4.7773604779478537e-14,1.3016512173526753,-0.3962603692163503
241,104.84640307773836,102.41,1.294095225512599,1.1996760729592246,-0.05736822073344951
242,106.26851671258942,102.42,2.500000000000002,1.096023073099183,0.25249363949022857
243,107.38924868888331,102.43,3.5355339059327444,0.9908371858654998,0.43287759708506074
244,107.054244338627,102.44,4.330127018922184,0.8842655232327119,-0.6001482035278881
245,107.88883564883244,102.45,4.829629131445339,0.7764571353075624,-0.1672506179204742
246,107.89009014628846,102.46,5.0,0.6675628018689442,-0.2374726555804781
247,107.53069933664723,102.47,4.829629131445341,0.5577348214887456,-0.32666461628685595
248,108.13998093759129,102.48,4.330127018922206,0.44712679852852616,0.8827271201405484
249,106.56391818972318,102.49,3.535533905932775,0.3358934283099273,0.20249085548047777
250,104.59374830359177,102.5,2.5000000000000084,0.22419028075927738,-0.6304419771675226
251,104.37519978186894,102.51,1.2940952255125717,0.11217358282897708,0.45893097352738804
252,103.58107809850631,102.52,-4.904777002955297e-15,1.102182119232618e-15,1.0610780985063166
253,101.63996382193402,102.53,-1.2940952255125813,-0.11217358282897488,0.5162326302755734
254,99.05612473626371,102.54,-2.5000000000000173,-0.2241902807592699,-0.7596849829770067
255,98.4364556293242,102.55,-3.5355339059327315,-0.3358934283099251,-0.24211703643312568
256,98.41620175714262,102.56,-4.330127018922175,-0.447126798528524,0.6334555745933114
257,96.82880131425652,102.57,-4.829629131445343,-0.5577348214887434,-0.3538347328093904
258,97.13434691220418,102.58,-5.0,-0.6675628018689421,0.22190971407311422
259,97.37123075996175,102.59,-4.829629131445355,-0.7764571353075604,0.3873170267146684
260,96.92214222205604,102.6,-4.330127018922197,-0.8842655232327098,-0.4634652357890415
261,98.05386623017083,102.61,-3.5355339059327626,-0.9908371858654976,-0.02976267803090004
262,97.40334325686628,102.62,-2.499999999999994,-1.0960230730991856,-1.6206336700345363
263,99.624034880861,102.63,-1.294095225512624,-1.1996760729592229,-0.5121938206671449
264,101.21206470695078,102.64,2.2056021997384124e-14,-1.3016512173526733,-0.12628407569658015
265,101.91839774971099,102.65,1.294095225512598,-1.4018058848191841,-0.6238915909824247
266,104.47620565196578,102.66,2.4999999999999702,-1.4999999999999976,0.8162056519658176
267,103.89436698740641,102.67,3.5355339059327435,-1.5960962295460064,-0.7150706889803163
268,105.10014460138282,102.68,4.330127018922184,-1.6899601741908665,-0.22002224334849188
269,105.80353886336788,102.69,4.829629131445329,-1.7814605567205049,0.06537028864304567
270,106.55016723895686,102.7,5.0,-1.8704694055761997,0.7206366445330578
271,104.86483582202126,102.71,4.829629131445349,-1.9568622338343618,-0.7179310755897197
272,105.5911906816869,102.72,4.330127018922188,-2.04051821331276,0.5815818760774798
273,104.1493300928829,102.73,3.5355339059327506,-2.1213203435596437,0.0051165305097935244
274,102.55009005898653,102.74,2.4999999999999787,-2.199155615489479,-0.49075432552397547
275,102.00123179320788,102.75,1.2940952255126073,-2.273915169436359,0.23105173713163538
276,100.51403540038268,102.76,3.1847006584197066e-14,-2.345494447404089,0.09952984778673502
277,98.76200299660798,102.77,-1.2940952255126146,-2.4137933393000037,-0.30010843857939734
278,97.83618471954703,102.78,-2.4999999999999853,-2.478716322947983,0.03490104249500946
279,96.52163669795158,102.79,-3.535533905932706,-2.54017259768485,-0.1926567984308801
280,95.9285554423501,102.8,-4.330127018922192,-2.5980762113533133,0.05675867262562402
281,95.65909002530137,102.81,-4.8296291314453335,-2.6523461805138293,0.33106533726052334
282,95.91010180436541,102.82,-5.0,-2.7029066037072567,0.793008408072676
283,94.6317763515313,102.83,-4.829629131445346,-2.74968676760993,-0.6189077494134245
284,96.78376842247334,102.84,-4.330127018922179,-2.792621245932614,1.0665166873281333
285,95.5067722033809,102.85,-3.5355339059327386,-2.831649990925103,-0.9760438997612509
286,97.41738903512375,102.86,-2.5000000000000258,-2.866718417358422,-0.07589254751779166
287,98.97228589886251,102.87,-1.2940952255125908,-2.8977774788672046,0.29415860324228826
288,100.09571219732203,102.88,-1.4695761589768237e-14,-2.9247837365454705,0.14049593386751633
289,100.9250460459024,102.89,1.2940952255125624,-2.9476994196998643,-0.3113497599102969
290,102.32944639614598,102.9,2.5,-2.9664924786753852,-0.10406112517863761
291,103.21789680892358,102.91,3.5355339059327178,-2.9811366296797273,-0.2465004673294164
292,103.96383324890652,102.92,4.330127018922165,-2.99161139154354,-0.29468237847210577
293,105.18652806559068,102.93,4.829629131445338,-2.9979021143651954,0.4248010485105123
294,105.11850774298252,102.94,5.0,-3.0,0.17850774298252367
295,104.43527221944983,102.95,4.829629131445341,-2.997902114365196,-0.3464547976303271
296,104.74831556509528,102.96,4.330127018922207,-2.9916113915435405,0.44979993771662535
297,103.6780470366913,102.97,3.535533905932726,-2.9811366296797273,0.15364976043830467
298,102.9199385807441,102.98,2.5000000000000107,-2.9664924786753857,0.40643105941948005
299,101.6512102267746,102.99,1.2940952255126428,-2.9476994196998647,0.3148144209618061
300,99.6607187579935,103.0,-2.45548340466059e-15,-2.9247837365454714,-0.41449750546103614
301,98.53803677552175,103.01,-1.294095225512579,-2.897777478867205,-0.2800905200984848
302,98.02692838520325,103.02,-2.4999999999999534,-2.866718417358423,0.3736468025616309
303,96.9680012358589,103.03,-3.53553390593273,-2.8316499909251043,0.3051851327167324
304,95.90680093816316,103.04,-4.330127018922173,-2.7926212459326143,-0.010450796982074066
305,95.52934779259911,103.05,-4.829629131445342,-2.7496867676099286,0.058663691654391
306,95.99592584418696,103.06,-5.0,-2.702906603707258,0.6388324478942125
307,95.29223899362292,103.07,-4.829629131445337,-2.65234618051383,-0.29578569441791497
308,96.4253454603095,103.08,-4.330127018922198,-2.5980762113533173,0.27354869058501896
309,96.91319717016543,103.09,-3.5355339059327644,-2.540172597684852,-0.10109632621694703
310,98.0124430754384,103.1,-2.499999999999996,-2.4787163229479843,-0.10884060161361014
311,99.95149986118098,103.11,-1.2940952255126261,-2.4137933393000055,0.549388425993595
312,101.18721372708987,103.12,-5.1447545176920604e-14,-2.34549444740409,0.4127081744940149
313,102.55693487407655,103.13,1.2940952255125957,-2.2739151694363606,0.40675481800031926
314,104.09358378808764,103.14,2.499999999999968,-2.199155615489481,0.6527394035771645
315,104.57471548318948,103.15,3.5355339059327417,-2.121320343559642,0.010501920816379524
316,105.79058529125692,103.16,4.330127018922182,-2.0405182133127577,0.34097648564748195
317,105.88763351931426,103.17,4.829629131445347,-1.956862233834364,-0.15513337829672802
318,106.47161377066803,103.18,5.0,-1.870469405576202,0.16208317624422106
319,106.17309704754099,103.19,4.82962913144535,-1.7814605567205066,-0.06507152718384229
320,105.88866482722767,103.2,4.330127018922189,-1.689960174190869,0.048497982496359095
321,105.4470161891052,103.21,3.5355339059327524,-1.596096229546013,0.2975785127184568
322,103.8108896583833,103.22,2.500000000000042,-1.4999999999999996,-0.40911034161673626
323,104.16848297853616,103.23,1.29409522551261,-1.4018058848191863,1.0461936378427301
324,101.4353400918975,103.24,3.4296300182491775e-14,-1.3016512173526757,-0.503008690749851
325,100.14913439513437,103.25,-1.2940952255125435,-1.199676072959225,-0.6070943063938661
326,100.24303236365087,103.26,-2.499999999999983,-1.096023073099188,0.5790554367500339
327,99.13946025518321,103.27,-3.5355339059327537,-0.9908371858655001,0.39583134698146794
328,98.37766736637121,103.28,-4.3301270189221555,-0.8842655232327175,0.31205990852607757
329,97.99808648787925,103.29,-4.829629131445333,-0.7764571353075629,0.31417275463213995
330,97.62631381170759,103.3,-5.0,-0.6675628018689499,-0.0061233864234573115
331,97.47400886132299,103.31,-4.829629131445346,-0.5577348214887461,-0.44862718574291577
332,98.58064846164616,103.32,-4.33012701892218,-0.4471267985285212,0.03790227909686317
333,99.11999181000128,103.33,-3.53553390593274,-0.3358934283099277,-0.33858085575605584
334,101.10336958594964,103.34,-2.4999999999999662,-0.22419028075927244,0.4875598667088756
335,101.87020250090728,103.35,-1.2940952255126617,-0.11217358282897744,-0.07352869075106933
336,102.94725140160372,103.36,-1.7145055188062946e-14,-1.4695761589768238e-15,-0.4127485983962558
337,104.61557588751505,103.37,1.2940952255125602,0.1121735828289745,-0.16069292082649672
338,106.31065600789708,103.38,2.499999999999998,0.22419028075927483,0.20646572713781217
339,106.97956505784066,103.39,3.5355339059327164,0.3358934283099194,-0.28186227640198736
340,107.76614361966752,103.4,4.330127018922199,0.44712679852852366,-0.4111101977832157
341,108.91920755868,103.41,4.829629131445319,0.5577348214887379,0.12184360574595615
342,109.21004608742331,103.42,5.0,0.6675628018689418,0.12248328555436139
343,108.78261467906735,103.43,4.8296291314453415,0.7764571353075651,-0.2534715876855649
344,108.41887338934576,103.44,4.330127018922208,0.8842655232327095,-0.2355191528091614
345,108.09239606047704,103.45,3.535533905932728,0.9908371858655023,0.11602496867881815
346,106.33198090235052,103.46,2.500000000000013,1.0960230730991802,-0.7240421707486621
347,105.26003941128351,103.47,1.2940952255125766,1.1996760729592224,-0.7037318871882776
348,104.42242910672653,103.48,7.104808376964414e-14,1.301651217352673,-0.359222110626218
349,103.49098708345068,103.49,-1.2940952255125766,1.4018058848191837,-0.10672357585592362
350,102.65545378279904,103.5,-2.499999999999951,1.4999999999999971,0.1554537827990023
351,102.30824043208807,103.51,-3.535533905932728,1.5960962295460108,0.737678108474776
352,101.30866296686969,103.52,-4.330127018922172,1.6899601741908619,0.4288298116010097
353,100.40186216029345,103.53,-4.8296291314453415,1.7814605567205044,-0.07996926498171356
354,100.40096130162486,103.54,-5.0,1.8704694055762034,-0.009508103951344415
355,100.17596842007009,103.55,-4.829629131445356,1.9568622338343615,-0.5012646823189044
356,101.26113462639438,103.56,-4.330127018922199,2.04051821331276,-0.009256567996194965
357,102.0114571181668,103.57,-3.535533905932766,2.1213203435596397,-0.14432931946006916
358,103.44051489565852,103.58,-2.499999999999998,2.199155615489479,0.16135928016904474
359,104.15620447214755,103.59,-1.2940952255126286,2.2739151694363553,-0.4136154717761615
360,106.20516770452468,103.6,1.7157434800794712e-14,2.3454944474040884,0.25967325712058614
361,108.08425802131381,103.61,1.2940952255125246,2.4137933393000033,0.7663694565012888
362,108.54433624871953,103.62,2.4999999999999662,2.4787163229479825,-0.0543800742284288
363,109.90656236466707,103.63,3.53553390593274,2.540172597684853,0.20085586104947073
364,110.91327522613106,103.64,4.33012701892218,2.598076211353316,0.34507199585555626
365,110.93136507601626,103.65,4.829629131445346,2.652346180513829,-0.20061023594291813
366,111.47495284461247,103.66,5.0,2.7029066037072567,0.11204624090520839
367,111.25561209944615,103.67,4.829629131445333,2.7496867676099295,0.00629620039089743
368,110.85158631412926,103.68,4.3301270189222265,2.7926212459326116,0.04883804927441586
369,109.67067900493012,103.69,3.5355339059327537,2.831649990925103,-0.38650489192773324
370,109.07897350448795,103.7,2.5000000000000444,2.866718417358421,0.012255087129471357
371,108.15087185000252,103.71,1.2940952255126121,2.8977774788672046,0.24899914562272488
372,107.37035554044303,103.72,3.674559378078648e-14,2.924783736545469,0.7255718038975209
373,105.86323960722986,103.73,-1.29409522551261,2.9476994196998643,0.47963541304260343
374,105.28308370743112,103.74,-2.500000000000042,2.966492478675386,1.0765912287557782
375,102.81192894230298,103.75,-3.5355339059327022,2.9811366296797273,-0.38367378144402475
376,102.8576446909817,103.76,-4.330127018922189,2.9916113915435405,0.4361603183603391
377,102.02994398578903,103.77,-4.829629131445332,2.9979021143651954,0.09167100286917587
378,102.87490146660883,103.78,-5.0,3.0,1.0949014666088361
379,101.55412384024227,103.79,-4.829629131445347,2.997902114365196,-0.40414914267757573
380,102.04162345153097,103.8,-4.330127018922182,2.9916113915435405,-0.41986092109038803
381,102.95590640102492,103.81,-3.5355339059327924,2.981136629679728,-0.2996963227220111
382,103.22454461652045,103.82,-2.50000000000003,2.9664924786753857,-1.0619478621549034
383,105.22072668334681,103.83,-1.294095225512664,2.947699419699866,-0.2628775108403805
384,106.38521740576861,103.84,-1.9594348786357652e-14,2.9247837365454714,-0.379566330776849
385,108.11706959761791,103.85,1.2940952255126261,2.897777478867204,0.07519689323810382
386,109.397596405247,103.86,2.499999999999996,2.8667184173584235,0.17087798788857972
387,111.17526931646582,103.87,3.5355339059327644,2.8316499909251025,0.9380854196079431
388,111.47796018394779,103.88,4.330127018922163,2.7926212459326147,0.4752119190930251
389,111.18086407122408,103.89,4.829629131445337,2.749686767609929,-0.28845182783120155
390,111.1536992680331,103.9,5.0,2.702906603707258,-0.449207335674179
391,111.63793489771243,103.91,4.829629131445342,2.6523461805138306,0.24595958575325286
392,110.18808662676521,103.92,4.330127018922209,2.598076211353318,-0.6601166035103211
393,110.92143588654477,103.93,3.53553390593273,2.540172597684852,0.9157293829271769
394,109.5084363833087,103.94,2.5000000000000764,2.478716322947988,0.5897200603606435
395,107.4233007387603,103.95,1.2940952255126477,2.4137933393000055,-0.2345878260523524
396,105.44892718285865,103.96,2.443103791928823e-15,2.345494447404087,-0.8565672645454387
397,105.62675613100649,103.97,-1.2940952255125744,2.2739151694363606,0.6769361870827064
398,103.62188569286316,103.98,-2.5000000000000107,2.199155615489478,-0.05726992262630894
399,103.19469459361365,103.99,-3.535533905932726,2.1213203435596455,0.6189081559867309
400,100.91317736499337,104.0,-4.330127018922207,2.040518213312758,-0.7972138293971835
401,100.83754559091217,104.01,-4.829629131445323,1.9568622338343682,-0.29968751147688644
402,100.8930912554353,104.02,-5.0,1.8704694055762021,0.002621849859091583
403,101.00532172215752,104.03,-4.8296291314453565,1.781460556720507,0.023490296882371028
404,101.17480041952906,104.04,-4.330127018922201,1.689960174190869,-0.22503273573962182
405,102.42198728978698,104.05,-3.535533905932768,1.5960962295460135,0.3114249661737494
406,102.5261897853087,104.06,-2.5,1.5,-0.5338102146912972
407,104.10652091679597,104.07,-1.2940952255125624,1.4018058848191868,-0.07118974251064675
408,105.44179903320857,104.08,-5.6346132373510016e-14,1.301651217352676,0.06014781585594943
409,106.84099071550119,104.09,1.2940952255125908,1.1996760729592204,0.2572194170293745
410,108.05183051214358,104.1,2.499999999999964,1.0960230730991884,0.3558074390444449
411,108.0740500458793,104.11,3.5355339059327386,0.9908371858655005,-0.5623210459189346
412,108.56733545678709,104.12,4.330127018922179,0.8842655232327178,-0.7670570853678111
413,110.37492467770215,104.13,4.829629131445346,0.7764571353075632,0.6388384109492545
414,109.97371980785876,104.14,5.0,0.6675628018689501,0.16615700598979583
415,109.16312068465584,104.15,4.829629131445352,0.5577348214887464,-0.3742432682782768
416,109.71282980521197,104.16,4.330127018922192,0.44712679852852166,0.7755759877612615
417,108.09926465138912,104.17,3.5355339059327555,0.335893428309928,0.05783731714642933
418,107.49383887279117,104.18,2.499999999999985,0.2241902807592728,0.5896485920319132
419,105.63002804904664,104.19,1.2940952255126146,0.11217358282897781,0.033759240705054476
420,105.23037396244096,104.2,-3.185938619692883e-14,1.83697019872103e-15,1.0303739624409936
421,103.6814016128801,104.21,-1.2940952255125389,-0.11217358282897413,0.8776704212216022
422,101.37132764500122,104.22,-2.4999999999999787,-0.22419028075927447,-0.12448207423953675
423,100.84435814123457,104.23,-3.5355339059327,-0.3358934283099191,0.4857854754771777
424,99.78543415734185,104.24,-4.330127018922188,-0.4471267985285232,0.3226879747925738
425,99.54695182583211,104.25,-4.829629131445332,-0.5577348214887375,0.6843157787661743
426,98.10997546784101,104.26,-5.0,-0.6675628018689415,-0.48246173029005224
427,99.00693946324633,104.27,-4.829629131445329,-0.7764571353075647,0.34302572999921965
428,99.59481970126987,104.28,-4.330127018922219,-0.8842655232327143,0.5292122434247939
429,98.88425916499021,104.29,-3.5355339059327435,-0.990837185865502,-0.8793697432115571
430,100.11234767056789,104.3,-2.5000000000000315,-1.096023073099185,-0.5916292563328875
431,100.79661261264813,104.31,-1.294095225512598,-1.199676072959222,-1.0196160888800503
432,102.88364536542501,104.32,-2.2043642384652358e-14,-1.3016512173526726,-0.13470341722227888
433,104.58106046859142,104.33,1.294095225512624,-1.4018058848191834,0.35877112789798116
434,106.09117852604794,104.34,2.499999999999932,-1.499999999999997,0.751178526048014
435,106.32648506659659,104.35,3.5355339059327124,-1.5960962295460057,0.03704739020988759
436,107.81447461751694,104.36,4.330127018922162,-1.6899601741908614,0.8143077727856459
437,106.72811784561739,104.37,4.829629131445336,-1.7814605567204997,-0.6900507291074457
438,106.65783937474622,104.38,5.0,-1.8704694055762032,-0.8516912196775773
439,107.23499304816266,104.39,4.829629131445343,-1.9568622338343655,-0.02777384944830939
440,106.88164153007907,104.4,4.330127018922175,-2.0405182133127595,0.19203272446965364
441,105.80786618832609,104.41,3.5355339059327817,-2.121320343559643,-0.016347374047046555
442,103.68712333449061,104.42,2.5000000000000173,-2.199155615489479,-1.0337210500199383
443,103.4056200363199,104.43,1.29409522551265,-2.2739151694363584,-0.044560019756394204
444,101.44227080234347,104.44,4.892397390223529e-15,-2.345494447404088,-0.6522347502524266
445,101.07694770960245,104.45,-1.2940952255125717,-2.4137933393000033,0.33483627441501923
446,99.66458280010042,104.46,-2.5000000000000084,-2.4787163229479825,0.18329912304842413
447,97.92435360321879,104.47,-3.5355339059326747,-2.54017259768485,-0.4699398931636776
448,97.29486331105618,104.48,-4.330127018922171,-2.5980762113533133,-0.25693345866834677
449,96.47841792709634,104.49,-4.829629131445341,-2.652346180513831,-0.5296067609444758
450,96.76575384765617,104.5,-5.0,-2.702906603707254,-0.03133954863658594
451,97.40825526119535,104.51,-4.829629131445339,-2.7496867676099295,0.47757116025061913
452,96.90438871197742,104.52,-4.330127018922202,-2.7926212459326134,-0.49286302316777186
453,98.4148393609011,104.53,-3.5355339059327195,-2.831649990925103,0.2520232577589222
454,98.90815277345529,104.54,-2.500000000000064,-2.866718417358422,-0.2651288091862204
455,99.961690879489,104.55,-1.2940952255126335,-2.8977774788672046,-0.3964364161311721
456,101.5817010834772,104.56,-5.879542597180471e-14,-2.9247837365454705,-0.053515179977278914
457,102.39877464460304,104.57,1.2940952255125884,-2.9476994196998643,-0.517621161209687
458,103.83668286865097,104.58,2.499999999999962,-2.9664924786753852,-0.276824652673591
459,104.54545832995859,104.59,3.535533905932737,-2.9811366296797273,-0.5989389462944242
460,106.92087819383686,104.6,4.330127018922214,-2.9916113915435405,0.9823625664581946
461,106.459358793066,104.61,4.829629131445326,-2.9979021143651954,0.017631775985864306
462,106.27013724600371,104.62,5.0,-3.0,-0.3498627539962928
463,106.56871697244728,104.63,4.829629131445353,-2.997902114365196,0.106989955367111
464,105.92235160253324,104.64,4.330127018922193,-2.9916113915435405,-0.05616402484541491
465,105.09391247648642,104.65,3.5355339059327573,-2.9811366296797277,-0.11048479976661149
466,104.5005908713463,104.66,2.499999999999987,-2.9664924786753857,0.3070833500217126
467,103.39514966083648,104.67,1.2940952255126856,-2.9476994196998647,0.37875385502365255
468,101.48996568964931,104.68,4.164418097737589e-14,-2.9247837365454714,-0.26525057380526373
469,100.21021817529791,104.69,-1.2940952255125362,-2.8977774788672055,-0.28790912032234
470,99.19575573406578,104.7,-2.499999999999977,-2.8667184173584235,-0.137525848575822
471,97.19185552077435,104.71,-3.535533905932749,-2.8316499909251007,-1.1509605823677924
472,96.83965620404594,104.72,-4.3301270189221865,-2.7926212459326147,-0.7575955310992761
473,97.834121234667,104.73,-4.829629131445349,-2.749686767609927,0.6834371337222623
474,97.85957725304337,104.74,-5.0,-2.7029066037072607,0.8224838567506418
475,97.14350666826263,104.75,-4.8296291314453486,-2.6523461805138284,-0.12451801977818916
476,98.12007525125235,104.76,-4.33012701892222,-2.5980762113533205,0.2882784815278832
477,98.84991857365415,104.77,-3.5355339059327457,-2.540172597684852,0.15562507727176805
478,101.3407240812796,104.78,-2.5000000000000338,-2.4787163229479847,1.5394404042276189
479,101.64189889090468,104.79,-1.2940952255126004,-2.413793339300006,0.5597874557172884
480,102.39054675685543,104.8,-9.554720955895707e-14,-2.3454944474040906,-0.06395879574038327
481,103.35240983577597,104.81,1.2940952255125528,-2.2739151694363606,-0.4777702203002129
482,104.31762122438171,104.82,2.4999999999999916,-2.199155615489482,-0.8032231601287863
483,106.34594538030667,104.83,3.5355339059327107,-2.121320343559646,0.10173181793361155
484,106.7514334329673,104.84,4.330127018922195,-2.0405182133127546,-0.3781753726421517
485,107.01164004281212,104.85,4.829629131445335,-1.9568622338343684,-0.7111268547988371
486,107.66624415230254,104.86,5.0,-1.8704694055761981,-0.3232864421212633
487,107.37739457291765,104.87,4.829629131445362,-1.7814605567205115,-0.5407740018071975
488,108.36373766226764,104.88,4.330127018922212,-1.689960174190865,0.8435708175362824
489,107.27025755486149,104.89,3.5355339059327835,-1.5960962295460184,0.44081987847472526
490,105.8960136793417,104.9,2.5000000000000187,-1.5000000000000004,-0.003986320658308686
491,105.54226141013841,104.91,1.2940952255125837,-1.4018058848191872,0.7399720694450129
492,103.65703293647123,104.92,7.839596456452824e-14,-1.3016512173526764,0.03868415382380915
493,102.00558660086409,104.93,-1.2940952255125695,-1.1996760729592257,-0.43064210066413183
494,102.10553896553564,104.94,-2.500000000000006,-1.0960230730991887,0.7615620386348286
495,100.69308393004405,104.95,-3.5355339059327733,-0.9908371858655058,0.26945502184232933
496,99.22698438068188,104.96,-4.330127018922169,-0.8842655232327181,-0.5186230771632282
497,99.2687443942053,104.97,-4.82962913144534,-0.7764571353075584,-0.0951693390418041
498,98.87462807143868,104.98,-5.0,-0.6675628018689506,-0.4378091266923786
499,98.91123618158373,104.99,-4.829629131445357,-0.5577348214887414,-0.691399865482168
500,100.68583495631509,105.0,-4.330127018922203,-0.44712679852853254,0.4630887737658207
501,102.09328098599242,105.01,-3.5355339059327213,-0.3358934283099231,0.9547083202350652
502,101.5965259323312,105.02,-2.4999999999999427,-0.22419028075927316,-0.6992837869095706
503,103.90521581000368,105.03,-1.2940952255126357,-0.11217358282897816,0.28148461834528543
504,104.7146787154391,105.04,9.809554005910593e-15,-2.204364238465236e-15,-0.32532128456091347
505,106.21270611645915,105.05,1.2940952255125173,0.11217358282897377,-0.24356269188234803
506,107.4879933186398,105.06,2.4999999999999596,0.22419028075926878,-0.2961969621194346
507,108.50943194940274,105.07,3.535533905932735,0.33589342830991875,-0.431995384839908
508,109.88151463142314,105.08,4.330127018922213,0.44712679852851767,0.024260813972413496
509,110.06188889472855,105.09,4.829629131445326,0.5577348214887372,-0.4154750582055189
510,110.90279121475885,105.1,5.0,0.6675628018689462,0.1352284128899194
511,110.69096721202835,105.11,4.829629131445372,0.776457135307554,-0.025119054724568476
512,110.21491851872175,105.12,4.33012701892223,0.8842655232327139,-0.11947402343320487
513,109.20258926077746,105.13,3.5355339059327595,0.9908371858655016,-0.45378183102079894
514,108.44763740781501,105.14,2.4999999999999893,1.0960230730991847,-0.28838566528416637
515,108.02146691138465,105.15,1.2940952255125506,1.1996760729592217,0.377695612912878
516,106.7121098111649,105.16,4.40934745756706e-14,1.3016512173526724,0.2504585938121904
517,104.78893303690731,105.17,-1.2940952255126026,1.4018058848191832,-0.4887776223992755
518,104.2296661527147,105.18,-2.499999999999913,1.4999999999999964,0.049666152714612936
519,103.6262558852992,105.19,-3.535533905932697,1.5960962295460055,0.3756935616858945
520,101.72513051470798,105.2,-4.330127018922186,1.6899601741908612,-0.8347026405606859
521,102.43351152146512,105.21,-4.8296291314453486,1.7814605567204995,0.2716800961899675
522,101.75915752610327,105.22,-5.0,1.8704694055761948,-0.33131187947292334
523,102.64253243668561,105.23,-4.8296291314453486,1.9568622338343653,0.28529933429657967
524,102.56876161611932,105.24,-4.330127018922186,2.040518213312759,-0.38162957827125843
525,102.9333453872946,105.25,-3.5355339059327973,2.121320343559643,-0.9024410503322595
526,104.14538439654785,105.26,-2.500000000000036,2.1991556154894787,-0.8137712189415813
527,106.27386241725445,105.27,-1.2940952255126026,2.273915169436358,0.024042473330690997
528,107.75535569826488,105.28,4.411204399476825e-14,2.345494447404088,0.12986125086074093
529,108.54573025226036,105.29,1.2940952255125506,2.4137933393000033,-0.4521583125522043
530,110.59801255233666,105.3,2.4999999999999893,2.4787163229479825,0.31929622938868696
531,110.55494647248302,105.31,3.535533905932659,2.5401725976848497,-0.8307600311344799
532,112.21516333095181,105.32,4.330127018922159,2.5980762113533133,-0.033039899323658285
533,112.20646721207792,105.33,4.829629131445335,2.652346180513826,-0.6055080998812283
534,112.71698854980617,105.34,5.0,2.702906603707254,-0.3259180539010796
535,112.95301523471346,105.35,4.829629131445326,2.749686767609929,0.023699335658207008
536,112.05254158221284,105.36,4.330127018922213,2.792621245932613,-0.4302066826419762
537,111.54490612474294,105.37,3.535533905932735,2.8316499909251025,-0.19227777211491268
538,111.24986482196573,105.38,2.5000000000000826,2.866718417358422,0.5031464046072203
539,109.29342676961828,105.39,1.2940952255126548,2.8977774788672046,-0.2884459347615744
540,108.74262979257806,105.4,9.790984586812942e-15,2.92478373654547,0.4178460560325709
541,106.49875076685841,105.41,-1.294095225512636,2.9476994196998643,-0.564853427328809
542,106.15139456763309,105.42,-2.4999999999999427,2.966492478675385,0.2649020889576414
543,105.59638703407596,105.43,-3.5355339059327213,2.9811366296797273,0.7207843103289502
544,102.8656621225577,105.44,-4.330127018922203,2.9916113915435405,-1.2358222500636447
545,103.21982535518464,105.45,-4.829629131445321,2.9979021143651954,-0.3984476277352384
546,103.74853606359027,105.46,-5.0,3.0,0.28853606359027
547,103.53675028989835,105.47,-4.82962913144534,2.997902114365196,-0.10152269302149634
548,104.32705730930704,105.48,-4.330127018922169,2.9916113915435405,0.18557293668565442
549,104.63361013038903,105.49,-3.5355339059327733,2.9811366296797277,-0.3019925933579103
550,106.00978737241184,105.5,-2.500000000000006,2.9664924786753857,0.04329489373644996
551,107.08576557649111,105.51,-1.2940952255127067,2.947699419699865,-0.07783861769603974
552,109.02867476737532,105.52,-6.369401316839413e-14,2.9247837365454714,0.5838910308299037
553,109.8490831260304,105.53,1.2940952255125837,2.8977774788672055,0.12721042165060656
554,111.07551974839605,105.54,2.5000000000000187,2.8667184173584235,0.1688013310376011
555,111.71124541379665,105.55,3.5355339059327835,2.8316499909251007,-0.2059384830612337
556,112.43894515281856,105.56,4.330127018922177,2.792621245932615,-0.24380311203624677
557,112.93303680514546,105.57,4.829629131445344,2.749686767609927,-0.21627909390981045
558,113.48013267489641,105.58,5.0,2.7029066037072607,0.19722607118914842
559,112.86148307154906,105.59,4.829629131445354,2.6523461805138284,-0.21049224041013148
560,112.67309065872371,105.6,4.330127018922195,2.598076211353321,0.14488742844820646
561,112.72340690294028,105.61,3.5355339059327107,2.5401725976848524,1.0377003993227194
562,111.0342786746639,105.62,2.5000000000000533,2.478716322947985,0.4355623517158462
563,109.17487679872869,105.63,1.2940952255126215,2.413793339300006,-0.16301176608392057
564,108.58610140848619,105.64,1.1759704174997533e-13,2.345494447404091,0.6006069610819724
565,106.42578225741306,105.65,-1.2940952255125315,2.273915169436361,-0.2040376865107757
566,104.34009334790058,105.66,-2.4999999999999725,2.1991556154894747,-1.019062267588927
567,103.75174328216819,105.67,-3.5355339059327457,2.121320343559646,-0.504043155458702
568,102.4549952338776,105.68,-4.33012701892222,2.0405182133127546,-0.9353959605129278
569,102.64147636036839,105.69,-4.82962913144533,1.9568622338343689,-0.17575674202065433
570,102.57967859517098,105.7,-5.0,1.8704694055761983,0.00920918959477585
571,103.50005008141278,105.71,-4.829629131445367,1.7814605567205117,0.8382186561376413
572,103.24329684215071,105.72,-4.330127018922222,1.6899601741908652,0.16346368688208132
573,103.68101205920884,105.73,-3.535533905932749,1.5960962295460188,-0.10955026440443212
574,105.15470279059177,105.74,-2.499999999999977,1.5000000000000007,0.4147027905917446
575,104.75214300480256,105.75,-1.2940952255126736,1.4018058848191874,-1.1055676545039426
576,107.17945849640694,105.76,-2.9391523179536473e-14,1.3016512173526766,0.11780727905428297
577,108.64920389541533,105.77,1.2940952255126168,1.199676072959226,0.3854325969434834
578,108.6367299502092,105.78,2.4999999999999254,1.0960230730991891,-0.7392931228899208
579,110.88824811340169,105.79,3.5355339059327076,0.9908371858654961,0.5718770216034645
580,111.18364074590211,105.8,4.330127018922193,0.8842655232327185,0.16924820374720706
581,111.2084423098025,105.81,4.829629131445353,0.7764571353075587,-0.20764395695040064
582,111.80395373492209,105.82,5.0,0.6675628018689509,0.3163909330531424
583,112.35271038183627,105.83,4.829629131445345,0.5577348214887419,1.135346428902198
584,110.70818694498004,105.84,4.33012701892225,0.4471267985285329,0.09093312752924758
585,109.84553762739289,105.85,3.5355339059327875,0.33589342830992347,0.12411029315016804
586,108.35450983098919,105.86,2.500000000000023,0.22419028075928416,-0.22968044977012206
587,106.85134662360917,105.87,1.2940952255125884,0.11217358282897855,-0.4249221847323959
588,106.29516790827206,105.88,-5.881399539090237e-14,2.5717582782094417e-15,0.4151679082721228
589,104.05568927870404,105.89,-1.2940952255125648,-0.1121735828289734,-0.4280419129544336
590,103.21159283785043,105.9,-2.500000000000002,-0.22419028075926845,0.035783118609696234
591,101.79974394237486,105.91,-3.535533905932669,-0.33589342830991836,-0.23882872338255834
592,101.3822360954225,105.92,-4.330127018922166,-0.4471267985285278,0.23948991287319593
593,100.7094670997094,105.93,-4.829629131445339,-0.5577348214887368,0.16683105264347414
594,100.79120717026001,105.94,-5.0,-0.6675628018689459,0.5187699721289496
595,100.08890553381971,105.95,-4.829629131445358,-0.7764571353075538,-0.2550081994273735
596,100.61066999019839,105.96,-4.330127018922206,-0.8842655232327137,-0.13493746764668563
597,100.95424705031053,105.97,-3.535533905932825,-0.9908371858654913,-0.4893818578911537
598,102.16183029686269,105.98,-2.50000000000007,-1.0960230730991842,-0.2221466300380558
599,103.68487894805057,105.99,-1.2940952255126406,-1.1996760729592215,0.1886502465224261
600,105.07684309097,106.0,4.91096680932118e-15,-1.301651217352672,0.37849430832267594
601,105.44120667860466,106.01,1.29409522551265,-1.4018058848191828,-0.4610826620888127
602,107.45480296005279,106.02,2.499999999999955,-1.4999999999999962,0.4348029600528301
603,108.64725660578921,106.03,3.5355339059327315,-1.596096229546005,0.6778189294024755
604,108.88688429634314,106.04,4.3301270189221395,-1.689960174190861,0.20671745161185043
605,110.03656648100386,106.05,4.829629131445325,-1.7814605567205077,0.938397906279033
606,108.80263599487203,106.06,5.0,-1.8704694055761943,-0.3868945995517865
607,108.32043954595524,106.07,4.829629131445336,-1.9568622338343649,-0.6223273516557085
608,107.48024868115733,106.08,4.330127018922233,-2.040518213312751,-0.8893601244521393
609,108.25223571811772,106.09,3.5355339059327626,-2.121320343559643,0.7480221557445915
610,106.72802721268755,106.1,2.499999999999994,-2.1991556154894782,0.3271828281770289
611,105.1023877206211,106.11,1.2940952255126925,-2.273915169436358,-0.027792335455227534
612,103.91448986575587,106.12,4.8992061772260005e-14,-2.3454944474040875,0.13998431315991014
613,101.85936691153822,106.13,-1.294095225512598,-2.413793339300003,-0.5627445236491883
614,102.3841596668604,106.14,-2.5000000000000315,-2.478716322947982,1.2228759898084132
615,100.13890408737008,106.15,-3.5355339059326933,-2.5401725976848497,0.06461059098761375
616,99.28649416702694,106.16,-4.330127018922184,-2.598076211353313,0.054697397302446445
617,99.0509079999902,106.17,-4.82962913144531,-2.6523461805138258,0.362883311949346
618,98.7175980121611,106.18,-5.0,-2.7029066037072584,0.2405046158683566
619,98.72262611308429,106.19,-4.829629131445349,-2.749686767609929,0.11194201213956569
620,98.68201450742255,106.2,-4.330127018922188,-2.792621245932613,-0.39523722772265596
621,100.07855028171019,106.21,-3.5355339059327,-2.8316499909251025,0.23573417856799786
622,101.79429383087904,106.22,-2.5000000000000404,-2.866718417358422,0.9410122482375168
623,102.71083731869768,106.23,-1.2940952255126073,-2.897777478867204,0.6727100230774888
624,104.11180957677414,106.24,-1.0289509035384121e-13,-2.92478373654547,0.7965933133196985
625,104.3407879675971,106.25,1.294095225512546,-2.9476994196998643,-0.2556078382155926
626,105.2987051111953,106.26,2.4999999999999853,-2.966492478675385,-0.49480241012929044
627,106.7615038162032,106.27,3.5355339059327555,-2.9811366296797273,-0.06289346004982407
628,107.64637808352296,106.28,4.330127018922156,-2.99161139154354,0.027862456144347302
629,108.66882277631562,106.29,4.8296291314453335,-2.9979021143651954,0.5470957592354743
630,107.4537676851426,106.3,5.0,-3.0,-0.8462323148574097
631,108.90650217681048,106.31,4.829629131445364,-2.9979021143651954,0.7647751597303069
632,107.57951167808916,106.32,4.330127018922215,-2.9916113915435405,-0.07900394928949471
633,106.6709567412793,106.33,3.5355339059327386,-2.9811366296797277,-0.21344053497371002
634,105.36745533369448,106.34,2.499999999999964,-2.966492478675386,-0.5060521876300837
635,103.86896746987992,106.35,1.2940952255126594,-2.947699419699865,-0.8274283359328847
636,103.8468015554355,106.36,1.4689571783402354e-14,-2.9247837365454714,0.4115852919809573
637,102.21478627921451,106.37,-1.2940952255124938,-2.897777478867206,0.036658983594201944
638,100.3683011327711,106.38,-2.4999999999999383,-2.866718417358424,-0.6449804498705269
639,99.37527671711037,106.39,-3.5355339059327178,-2.8316499909251043,-0.647539386031808
640,99.10935938550014,106.4,-4.330127018922201,-2.792621245932615,-0.1678923496450641
641,99.6651948635894,106.41,-4.8296291314453565,-2.7496867676099273,0.8345107626446965
642,98.58729772061093,106.42,-5.0,-2.7029066037072607,-0.1297956756818024
643,98.19645321148178,106.43,-4.829629131445341,-2.6523461805138284,-0.7515714765590531
644,99.38892523768146,106.44,-4.3301270189222425,-2.5980762113533156,-0.12287153204297216
645,100.23793171150852,106.45,-3.535533905932777,-2.540172597684853,-0.13636178487383524
646,100.13284035558121,106.46,-2.5000000000000107,-2.478716322947985,-1.3484433214707858
647,102.73496400192852,106.47,-1.2940952255125744,-2.413793339300006,-0.027147433258906103
648,104.0190382874915,106.48,-6.859260036498355e-14,-2.345494447404091,-0.11546726510433898
649,105.85828323848291,106.49,1.294095225512579,-2.2739151694363615,0.3481031824067092
650,107.72532243198307,106.5,2.4999999999998916,-2.199155615489482,0.9244780474726726
651,108.48749607714691,106.51,3.5355339059326796,-2.1213203435596464,0.5632825147738787
652,108.67516446033198,106.52,4.330127018922173,-2.0405182133127626,-0.13444434527741528
653,108.84950394324015,106.53,4.829629131445342,-1.9568622338343609,-0.5532629543708352
654,110.95621049604874,106.54,5.0,-1.8704694055761988,1.2866799016249302
655,109.62777779173209,106.55,4.829629131445355,-1.781460556720512,0.02960921700724413
656,109.20713149068787,106.56,4.330127018922269,-1.6899601741908743,0.0069646459564731015
657,108.49737513283169,106.57,3.5355339059327138,-1.5960962295460097,-0.012062543555001639
658,107.67904238038398,106.58,2.5000000000000573,-1.5000000000000009,0.09904238038392747
659,106.41010913473147,106.59,1.2940952255126261,-1.4018058848191877,-0.07218020596197124
660,105.01151777920732,106.6,1.2249562894656474e-13,-1.3016512173526866,-0.28683100344011814
661,103.84279923090791,106.61,-1.294095225512664,-1.1996760729592264,-0.27342947062019607
662,103.00760029179284,106.62,-2.499999999999968,-1.0960230730991896,-0.016376635107999193
663,101.83191652263497,106.63,-3.5355339059326414,-0.9908371858655065,-0.2717123855668825
664,101.0691845665065,106.64,-4.330127018922218,-0.8842655232327086,-0.3564228913385822
665,101.09712884709307,106.65,-4.829629131445328,-0.7764571353075591,0.05321511384594842
666,100.86494858942062,106.66,-5.0,-0.6675628018689512,-0.12748860871042764
667,102.03463254135723,106.67,-4.829629131445369,-0.5577348214887528,0.7519964942913443
668,100.57726127835282,106.68,-4.330127018922154,-0.4471267985285228,-1.325484904196506
669,103.36432609171855,106.69,-3.5355339059327524,-0.3358934283099238,0.5457534259612309
670,104.59885231548944,106.7,-2.500000000000104,-0.22419028075927394,0.6230425962488145
671,104.26703607545426,106.71,-1.2940952255126783,-0.11217358282898955,-1.0366951162040747
672,106.54865620295979,106.72,-3.429011037612589e-14,-2.9391523179536475e-15,-0.17134379704017438
673,107.95054837534369,106.73,1.2940952255126121,0.11217358282897305,-0.18572043299789573
674,108.76043443340028,106.74,2.4999999999999214,0.22419028075926806,-0.7037558473589106
675,110.2325189904473,106.75,3.5355339059328044,0.33589342830992863,-0.38890834379543765
676,110.98196589471782,106.76,4.330127018922191,0.44712679852852744,-0.5552879227329144
677,113.03349917464585,106.77,4.829629131445314,0.5577348214887365,0.8761352217118114
678,112.91540199844268,106.78,5.0,0.6675628018689351,0.4678391965737306
679,113.03186381425,106.79,4.829629131445346,0.7764571353075638,0.6357775474970794
680,112.37522857417652,106.8,4.33012701892218,0.8842655232327131,0.36083603202161757
681,110.77184520618967,106.81,3.5355339059327906,0.990837185865491,-0.5645258856086146
682,110.15376293995944,106.82,2.5000000000001505,1.096023073099174,-0.26226013313988683
683,109.56845857908577,106.83,1.294095225512593,1.199676072959221,0.24468728061395903
684,107.53058731290679,106.84,8.819313895770708e-14,1.3016512173526718,-0.6110639044459727
685,107.3142098743928,106.85,-1.2940952255125602,1.4018058848191826,0.35649921508619403
686,105.73983730092093,106.86,-2.499999999999998,1.5000000000000049,-0.12016269907906751
687,104.74315191983844,106.87,-3.535533905932766,1.596096229546005,-0.18741040377479876
688,104.59531313937043,106.88,-4.3301270189221635,1.6899601741908605,0.35547998410174575
689,104.06396308101822,106.89,-4.829629131445301,1.7814605567204986,0.22213165574301988
690,103.58998632266666,106.9,-5.0,1.8704694055762023,-0.18048308290953996
691,104.61689800407112,106.91,-4.82962913144536,1.9568622338343644,0.579664901682124
692,104.08985953059059,106.92,-4.330127018922208,2.0405182133127506,-0.5405316637999487
693,105.82375424109895,106.93,-3.5355339059328283,2.121320343559635,0.3079678034721319
694,106.9357062444737,106.94,-2.499999999999951,2.1991556154894782,0.2965506289841919
695,107.77504672426673,106.95,-1.2940952255126454,2.2739151694363575,-0.15477321965699514
696,109.468560958525,106.96,-1.4209616753928827e-13,2.3454944474040875,0.163066511121059
697,110.05233177662001,106.97,1.2940952255126454,2.413793339300009,-0.6255567881926515
698,112.4207298325514,106.98,2.499999999999951,2.478716322947982,0.4620135096034505
699,112.97325543539607,106.99,3.535533905932728,2.5401725976848493,-0.09245106822149451
700,113.66684172001594,107.0,4.330127018922137,2.598076211353313,-0.26136151025951976
701,115.01647992487764,107.01,4.82962913144536,2.652346180513831,0.5245046129184446
702,114.37073475843587,107.02,5.0,2.7029066037072584,-0.3521718452713796
703,113.90508525087353,107.03,4.829629131445374,2.749686767609925,-0.7042306481817798
704,113.3844336780929,107.04,4.3301270189222345,2.792621245932609,-0.7783145867619519
705,113.72018887253068,107.05,3.535533905932766,2.8316499909251025,0.3030049756728198
706,111.7865037411103,107.06,2.499999999999998,2.8667184173584217,-0.6402146762481415
707,112.13926979537206,107.07,1.2940952255126972,2.8977774788672015,0.8773970909921823
708,108.96381903260352,107.08,-8.821789818317061e-14,2.9247837365454723,-1.040964703941861
709,109.59183237833228,107.09,-1.294095225512593,2.947699419699864,0.8482281841450191
710,107.6720012122768,107.1,-2.4999999999999045,2.966492478675385,0.1055087336013092
711,106.50724616781183,107.11,-3.5355339059326902,2.9811366296797273,-0.048356555935196194
712,105.50902482921688,107.12,-4.33012701892218,2.9916113915435405,-0.27245954340447487
713,105.49784104009588,107.13,-4.829629131445346,2.9979021143651954,0.19956805717603543
714,105.12118264878758,107.14,-5.0,3.0,-0.018817351212424182
715,105.86992392392814,107.15,-4.829629131445314,2.9979021143651954,0.5516509410082607
716,105.87859819695238,107.16,-4.330127018922191,2.9916113915435405,0.05711382433101982
717,106.69075360447786,107.17,-3.5355339059328044,2.9811366296797277,0.0751508807309388
718,107.46468637256842,107.18,-2.5000000000000444,2.9664924786753875,-0.18180610610692793
719,108.81513138232671,107.19,-1.2940952255126121,2.9476994196998634,-0.028472811860533728
720,110.27868462099154,107.2,3.4314869601589424e-14,2.9247837365454714,0.1539008844460296
721,110.54678850805143,107.21,1.294095225512541,2.897777478867206,-0.8550841963283128
722,111.91262570630543,107.22,2.499999999999858,2.866718417358424,-0.6740927110528565
723,113.96881594386922,107.23,3.5355339059327524,2.831649990925101,0.3716320470113575
724,114.44818098391873,107.24,4.330127018922154,2.792621245932615,0.08543271906397093
725,114.73732423087893,107.25,4.829629131445332,2.7496867676099317,-0.09199166817633957
726,114.97212357023996,107.26,5.0,2.702906603707256,0.00921696653269658
727,114.92576616464,107.27,4.829629131445328,2.6523461805138284,0.17379085268083552
728,113.93832339012084,107.28,4.330127018922218,2.598076211353316,-0.26987984015468075
729,112.97655414091655,107.29,3.535533905932842,2.540172597684858,-0.38915236270115633
730,112.3766389504968,107.3,2.499999999999968,2.478716322947985,0.09792262754884078
731,110.52870217600515,107.31,1.294095225512664,2.4137933393000064,-0.489186388807516
732,109.86962082526134,107.32,1.9588158979991766e-14,2.3454944474040915,0.20412637785723592
733,107.45852814180495,107.33,-1.2940952255124891,2.2739151694363686,-0.8512918021189202
734,107.55373343415224,107.34,-2.5000000000000573,2.199155615489475,0.5145778186628218
735,106.17208517883346,107.35,-3.5355339059327138,2.121320343559647,0.2362987412065215
736,105.19840606154757,107.36,-4.330127018922127,2.040518213312763,0.12801486715693783
737,104.98857859436175,107.37,-4.829629131445355,1.9568622338343613,0.49134549197275695
738,105.08320662780748,107.38,-5.0,1.8704694055761988,0.8327372222312883
739,104.84901645778424,107.39,-4.829629131445342,1.7814605567205124,0.5071850325090652
740,103.83939603960282,107.4,-4.330127018922244,1.6899601741908745,-0.9204371156658226
741,104.83077384024547,107.41,-3.5355339059326796,1.59609622954601,-0.6397884833678508
742,106.10759071115214,107.42,-2.500000000000015,1.5000000000000013,-0.3124092888478394
743,107.55075618441188,107.43,-1.294095225512716,1.401805884819188,0.013045525105416893
744,109.00048072758717,107.44,-7.349118756157296e-14,1.3016512173526869,0.2588295102345615
745,109.58089939189507,107.45,1.2940952255125744,1.1996760729592169,-0.3628719065767328
746,111.14940645533774,107.46,2.5000000000000107,1.0960230730991898,0.09338338223853916
747,111.61867962562152,107.47,3.5355339059326765,0.9908371858655067,-0.3776914661766613
748,112.38863364065898,107.48,4.3301270189222425,0.884265523232709,-0.3057589014959741
749,112.39275571832879,107.49,4.829629131445341,0.7764571353075593,-0.7033305484241111
750,112.7059461788135,107.5,5.0,0.6675628018689516,-0.46161662305545215
751,112.22152165012595,107.51,4.8296291314453565,0.5577348214887531,-0.6758423028081668
752,111.80931719096206,107.52,4.330127018922201,0.4471267985285231,-0.48793662648866637
753,111.92824823254658,107.53,3.5355339059327178,0.3358934283099242,0.5268208983039198
754,109.78949083634336,107.54,2.5000000000000617,0.22419028075927427,-0.4746994444159715
755,110.27245984076045,107.55,1.2940952255127682,0.11217358282898993,1.3161910324186954
756,107.80665895044044,107.56,-1.471433100886589e-14,3.3065463576978537e-15,0.2466589504404446
757,106.25614925350594,107.57,-1.294095225512522,-0.11217358282897266,0.09241806184743695
758,104.42663082915016,107.58,-2.499999999999964,-0.22419028075926767,-0.4291788900906068
759,104.06872760546183,107.59,-3.5355339059327386,-0.33589342830992824,0.3501549397044957
760,102.53492726943037,107.6,-4.330127018922215,-0.4471267985285271,-0.28781891311888697
761,102.28364095438862,107.61,-4.829629131445327,-0.5577348214887361,0.06100490732268072
762,103.23247946726546,107.62,-5.0,-0.6675628018689348,1.2800422691343973
763,101.97588378338477,107.63,-4.8296291314453335,-0.7764571353075633,-0.048029949862324936
764,103.0002441209879,107.64,-4.330127018922227,-0.8842655232327128,0.5746366631428379
765,102.77204069563882,107.65,-3.5355339059327555,-0.9908371858654905,-0.3515882125629437
766,104.04648268165222,107.66,-2.5000000000001084,-1.0960230730991736,-0.01749424524848085
767,106.06162901934599,107.67,-1.2940952255125457,-1.1996760729592206,0.885400317817755
768,106.06486525375341,107.68,-3.9188697572715304e-14,-1.3016512173526713,-0.3134835288938837
769,108.48851361969174,107.69,1.2940952255124702,-1.4018058848191823,0.9062242789984644
770,109.05387596772778,107.7,2.5000000000000404,-1.5000000000000047,0.3538759677277377
771,109.36820428843953,107.71,3.5355339059327,-1.5960962295460137,-0.2812333879471338
772,110.67637071425908,107.72,4.330127018922188,-1.68996017419086,0.3162038695277605
773,111.26444579953818,107.73,4.829629131445313,-1.7814605567204984,0.48627722481336494
774,111.18043557553239,107.74,5.0,-1.8704694055762021,0.3109049811085982
775,109.83765453766576,107.75,4.829629131445348,-1.9568622338343642,-0.7851123599452282
776,109.68604021769707,107.76,4.330127018922255,-2.04051821331275,-0.3635685879124343
777,109.06045424459741,107.77,3.5355339059327937,-2.1213203435596344,-0.12375931777575237
778,108.04362766996053,107.78,2.5000000000000315,-2.1991556154894782,-0.03721671455002314
779,107.12051610485157,107.79,1.294095225512598,-2.2739151694363575,0.310336048775339
780,105.54335605306262,107.8,9.309172615429649e-14,-2.3454944474040875,0.08885050046662692
781,103.43443925583225,107.81,-1.2940952255126925,-2.4137933393000086,-0.6676721793550506
782,103.031382602555,107.82,-2.499999999999994,-2.4787163229479816,0.1900989255029816
783,102.0595863690244,107.83,-3.5355339059326623,-2.5401725976848493,0.3052928726419116
784,101.19169199369006,107.84,-4.330127018922162,-2.5980762113533125,0.2798952239655199
785,100.90841505081815,107.85,-4.829629131445336,-2.6523461805138306,0.5403903627773109
786,100.57405447356719,107.86,-5.0,-2.702906603707258,0.41696107727445203
787,100.52027414055894,107.87,-4.829629131445362,-2.7496867676099246,0.22959003961421834
788,100.72216887941578,107.88,-4.330127018922282,-2.792621245932609,-0.035082855729323514
789,100.69233563638417,107.89,-3.5355339059327315,-2.8316499909251025,-0.8304804667579957
790,102.74809069220778,107.9,-2.500000000000078,-2.8667184173584217,0.21480910956629293
791,103.82197113920171,107.91,-1.29409522551265,-2.8977774788672015,0.10384384358155557
792,105.1310056820522,107.92,-4.886207583857646e-15,-2.9247837365454723,0.13578941859768673
793,105.63802151790263,107.93,1.2940952255126406,-2.947699419699864,-0.6383742879101547
794,106.93297925112041,107.94,2.499999999999947,-2.966492478675385,-0.5405282702041312
795,109.03097370291935,107.95,3.535533905932624,-2.9811366296797273,0.5265764266664518
796,109.27873805045033,107.96,4.330127018922206,-2.9916113915435405,-0.01977757692832752
797,110.14247736576644,107.97,4.829629131445322,-2.997902114365196,0.3407503486863122
798,109.99415918806524,107.98,5.0,-3.0,0.014159188065230586
799,109.83660508682804,107.99,4.829629131445375,-2.9979021143651963,0.014878069747872594
800,109.80765753036663,108.0,4.330127018922166,-2.9916113915435405,0.46914190298799885
801,108.30637491214436,108.01,3.5355339059327697,-2.9811366296797277,-0.25802236410868695
802,107.60156790979522,108.02,2.5000000000001252,-2.9664924786753875,0.04806038847049168
803,106.14525816146019,108.03,1.2940952255125648,-2.9476994196998634,-0.23113764435252124
804,104.89796814973843,108.04,5.878923616543883e-14,-2.9247837365454714,-0.2172481137161578
805,103.70354123388587,108.05,-1.2940952255125884,-2.897777478867206,-0.15458606173431969
806,102.80434846845853,108.06,-2.4999999999999005,-2.866718417358424,0.11106688581685642
807,101.46344179231036,108.07,-3.5355339059327875,-2.831649990925101,-0.23937431083173866
808,101.58512979793197,108.08,-4.3301270189221786,-2.792621245932615,0.6278780627867604
809,100.06338044983502,108.09,-4.829629131445309,-2.7496867676099317,-0.44730365110975195
810,100.30365757421205,108.1,-5.0,-2.702906603707261,-0.09343582208067952
811,100.40815915890373,108.11,-4.829629131445353,-2.652346180513829,-0.21986552913708746
812,101.91528571190136,108.12,-4.330127018922193,-2.598076211353316,0.7234889421768664
813,102.15257088463811,108.13,-3.535533905932808,-2.5401725976848586,0.09827738825578732
814,103.6772059467864,108.14,-2.4999999999999254,-2.4787163229479856,0.5159222697343174
815,103.69933124866888,108.15,-1.2940952255126168,-2.413793339300007,-0.742780186518486
816,105.94803068553043,108.16,-1.1269226474702003e-13,-2.345494447404092,0.13352513293462942
817,107.6349954538879,108.17,1.2940952255125362,-2.2739151694363686,0.4448153978117185
818,108.52198637914822,108.18,2.499999999999977,-2.1991556154894756,0.04114199463771209
819,110.13695374990579,108.19,3.535533905932749,-2.1213203435596473,0.5327401875326756
820,110.2309645805592,108.2,4.330127018922151,-2.0405182133127635,-0.2586442250501861
821,111.78744061770372,108.21000000000001,4.829629131445294,-1.9568622338343695,0.70467372009279
822,112.49897965623342,108.22,5.0,-1.8704694055761992,1.1494490618096251
823,111.09674929450505,108.23,4.829629131445366,-1.781460556720504,-0.18141928021982953
824,110.65741558403096,108.24,4.33012701892222,-1.6899601741908747,-0.2227512607003859
825,110.9161299149456,108.25,3.5355339059327457,-1.5960962295460104,0.7266922385588505
826,110.04978607286533,108.26,2.4999999999999725,-1.5000000000000018,0.7897860728653562
827,107.90085932711685,108.27,1.294095225512669,-1.4018058848191886,-0.26143001357663415
828,106.76825537409955,108.28,1.6659529332860123e-13,-1.301651217352687,-0.21009340854792863
829,105.65533639709791,108.29,-1.2940952255126215,-1.1996760729592173,-0.1408923044302536
830,104.03175167138374,108.3,-2.49999999999993,-1.09602307309919,-0.6722252555171385
831,103.32430293495969,108.31,-3.5355339059327107,-0.9908371858655072,-0.4593259732420991
832,102.60353707446905,108.32,-4.330127018922195,-0.8842655232327092,-0.5020703833760339
833,102.34001495069501,108.33,-4.829629131445354,-0.7764571353075598,-0.3838987825520642
834,102.65509475443766,108.34,-5.0,-0.667562801868952,-0.01734244369339059
835,103.07974341333411,108.35,-4.8296291314453805,-0.5577348214887534,0.11710736626826038
836,104.35799642895634,108.36,-4.330127018922177,-0.44712679852852344,0.7752502464070384
837,103.99939564538789,108.37,-3.5355339059327835,-0.3358934283099246,-0.4991770203693955
838,106.147970918479,108.38,-2.5000000000000187,-0.22419028075927463,0.4921611992382919
839,106.87673676954554,108.39,-1.294095225512721,-0.1121735828289903,-0.10699442211275448
840,108.37526814517385,108.4,6.371877239385766e-14,-3.67394039744206e-15,-0.024731854826216475
841,110.15367855442483,108.41,1.2940952255125695,0.1121735828289723,0.3374097460833019
842,110.582829269978,108.42,2.4999999999998836,0.2241902807592673,-0.5613610107811493
843,112.49263220733472,108.43,3.5355339059327733,0.33589342830992786,0.1912048730920253
844,113.30047992155723,108.44,4.330127018922169,0.44712679852852677,0.08322610410652805
845,114.08358958493815,108.45,4.82962913144534,0.5577348214887358,0.24622563200407455
846,114.27214712382286,108.46000000000001,5.0,0.6675628018689345,0.14458432195390905
847,115.30373633670833,108.47,4.829629131445321,0.7764571353075631,1.2276500699554471
848,113.37552255002926,108.48,4.330127018922203,0.8842655232327125,-0.318869992125658
849,112.7508726142974,108.49,3.5355339059328217,0.9908371858655003,-0.2654984775009088
850,111.78445280988686,108.5,2.5000000000000657,1.0960230730991734,-0.3115702632123822
851,110.72603273889173,108.51,1.2940952255126357,1.1996760729592202,-0.27773855958012733
852,109.5029576536994,108.52,-9.815743812276475e-15,1.301651217352671,-0.31869356365325885
853,109.23221892486043,108.53,-1.2940952255125173,1.401805884819182,0.5945082655537759
854,108.25025212399485,108.54,-2.5000000000000826,1.5000000000000044,0.7102521239949274
855,106.32518917673853,108.55,-3.535533905932735,1.5960962295460135,-0.28537314687473814
856,105.50365536871662,108.56,-4.330127018922142,1.689960174190869,-0.41617778655211435
857,105.75753920346837,108.57,-4.829629131445326,1.7814605567204984,0.23570777819320204
858,105.17435788343572,108.58,-5.0,1.870469405576202,-0.2761115221404856
859,106.03369901126679,108.59,-4.829629131445335,1.956862233834356,0.3164659088777554
860,106.41185270481617,108.6,-4.33012701892223,2.040518213312758,0.10146151042564985
861,106.43791438012815,108.61,-3.53553390593286,2.1213203435596344,-0.757872057498616
862,109.09290821615453,108.62,-2.4999999999999893,2.199155615489478,0.7737526006650308
863,110.50775878047142,108.63,-1.2940952255126879,2.27391516943635,0.8979388365477609
864,110.67910010216185,108.64,-4.4087284769304716e-14,2.345494447404087,-0.3063943452421931
865,112.16403778484464,108.65,1.2940952255126026,2.4137933393000086,-0.19385077996799208
866,113.78164901831047,108.66,2.500000000000036,2.4787163229479816,0.14293269536245248
867,114.91293489861107,108.67,3.535533905932697,2.5401725976848546,0.1672283949935125
868,115.93747536661185,108.68,4.330127018922115,2.598076211353312,0.3292721363364152
869,117.17707758134235,108.69,4.8296291314453486,2.6523461805138306,1.0051022693831748
870,116.31443298996022,108.7,5.0,2.7029066037072536,-0.0884736137470247
871,115.89016727678606,108.71000000000001,4.8296291314453486,2.749686767609929,-0.39914862226922687
872,115.1530886508476,108.72,4.330127018922257,2.792621245932609,-0.6896596140072636
873,114.73171887688684,108.73,3.535533905932697,2.8316499909251025,-0.36546501997095954
874,114.09015493092156,108.74,2.500000000000036,2.8667184173584186,-0.016563486436898547
875,113.83915163613882,108.75,1.29409522551274,2.897777478867204,0.8972789317588938
876,111.42597808702736,108.76,-4.411823380113413e-14,2.9247837365454723,-0.2588056495180857
877,110.53549817000676,108.77,-1.2940952255125506,2.947699419699864,0.11189397581944925
878,109.23828103063903,108.78,-2.4999999999999893,2.966492478675386,-0.008211448036376037
879,108.82979936047111,108.79,-3.535533905932659,2.9811366296797273,0.594196636724042
880,108.72495058555812,108.8,-4.33012701892223,2.9916113915435405,1.2634662129368108
881,106.7128385964597,108.81,-4.829629131445335,2.9979021143651954,-0.2654343864601603
882,106.57528027874088,108.82,-5.0,3.0,-0.24471972125911107
883,107.52035342145437,108.83,-4.829629131445363,2.9979021143651963,0.522080438534536
884,107.84243011743449,108.84,-4.330127018922213,2.9916113915435405,0.3409457448131557
885,109.21895638661499,108.85,-3.535533905932735,2.981136629679729,0.9233536628680168
886,109.61845657133829,108.86,-2.5000000000000826,2.966492478675386,0.29196409266298196
887,110.34395814879382,108.87,-1.2940952255125173,2.9476994196998634,-0.17964604539352977
888,112.10011115189161,108.88,-9.784794780447059e-15,2.9247837365454714,0.29532741534615464
889,113.63622449467115,108.89,1.2940952255124984,2.897777478867209,0.5543517902914539
890,114.67695950795706,108.9,2.4999999999999427,2.866718417358424,0.410241090598682
891,115.53082091241147,108.91,3.5355339059327213,2.8316499909251016,0.25363701555364887
892,116.5760856096494,108.92,4.330127018922203,2.792621245932615,0.533337344794577
893,117.09396369427809,108.93,4.829629131445321,2.7496867676099277,0.5846477952228364
894,117.33398609922602,108.94,5.0,2.7029066037072615,0.6910794955187636
895,116.756330255754,108.95,4.82962913144534,2.652346180513829,0.3243549437948213
896,115.80464419011713,108.96000000000001,4.33012701892224,2.5980762113533213,-0.08355904015842718
897,115.11906334683428,108.97,3.5355339059327733,2.540172597684853,0.07335684321666142
898,114.56197080620215,108.98,2.500000000000006,2.47871632294798,0.6032544832541784
899,112.28942072931893,108.99,1.2940952255125695,2.413793339300007,-0.40846783549361804
900,111.5298311018406,109.0,6.368782336202825e-14,2.345494447404098,0.1843366544364506
901,109.79315053776024,109.01,-1.2940952255124463,2.273915169436362,-0.19666940616368034
902,108.73352802695686,109.02,-2.5000000000000187,2.1991556154894756,0.014372411467408744
903,108.25501236893062,109.03,-3.5355339059326827,2.1213203435596473,0.6392259313036494
904,106.84594072840054,109.04,-4.330127018922177,2.0405182133127555,0.09554953400995167
905,106.20045137646714,109.05,-4.829629131445307,1.9568622338343697,0.023218274078074405
906,105.25054133508624,109.06,-5.0,1.8704694055761995,-0.6799280704899596
907,106.39495820828876,109.07,-4.829629131445354,1.781460556720513,0.37312678301361035
908,106.76257524583914,109.08,-4.3301270189222665,1.6899601741908665,0.3227420905705377
909,108.23218968526604,109.09,-3.5355339059327107,1.5960962295460017,1.08162736165273
910,107.94611088252344,109.1,-2.5000000000000533,1.500000000000002,-0.15388911747650041
911,109.32728582313854,109.11,-1.2940952255126215,1.401805884819198,0.10957516383196948
912,110.54634305920796,109.12,-1.1759085194360943e-13,1.301651217352678,0.12469184185537763
913,112.41249793835361,109.13,1.294095225512669,1.1996760729592175,0.7887266398817372
914,112.68837530690568,109.14,2.4999999999999725,1.0960230730991904,-0.04764776619347605
915,113.81588185468334,109.15,3.5355339059326454,0.9908371858655176,0.13951076288516961
916,114.67834079701313,109.16,4.330127018922149,0.8842655232327199,0.3039482548582696
917,114.86939082833108,109.17,4.82962913144533,0.7764571353075602,0.09330456157817905
918,114.6243459945937,109.18,5.0,0.6675628018689523,-0.22321680727526413
919,114.67440894938326,109.19,4.829629131445367,0.5577348214887433,0.09704499644915379
920,114.51406969238056,109.2,4.330127018922151,0.4471267985285132,0.536815874929886
921,112.56816968453715,109.21000000000001,3.535533905932749,0.33589342830992497,-0.5132576497055301
922,112.01067511783282,109.22,2.5000000000001,0.22419028075928563,0.066484837073438
923,110.28620840087207,109.23,1.2940952255126736,0.11217358282898002,-0.3500604074695866
924,109.83752331446244,109.24,2.9385333373170597e-14,-6.6168065992152366e-15,0.5975233144624212
925,107.08213773926651,109.25,-1.2940952255126168,-0.11217358282897194,-0.7615934523918874
926,106.25634879560502,109.26,-2.4999999999999254,-0.22419028075925632,-0.27946092363579417
927,105.58717860328973,109.27,-3.5355339059326067,-0.3358934283099169,0.18860593753226043
928,105.28550819716645,109.28,-4.330127018922193,-0.4471267985285263,0.7827620146171702
929,103.86976091652946,109.29,-4.829629131445316,-0.5577348214887354,-0.0328751305364939
930,103.35483743478446,109.3,-5.0,-0.6675628018689445,-0.2775997633465992
931,104.6444922679674,109.31,-4.829629131445345,-0.7764571353075729,0.9405785347202951
932,103.38160050763697,109.32,-4.3301270189221786,-0.8842655232327121,-0.724006950208122
933,103.70422592989169,109.33,-3.5355339059327866,-0.9908371858654899,-1.099402978310041
934,105.96398415192733,109.34,-2.5000000000001465,-1.096023073099183,0.2200072250266662
935,106.60520158935186,109.35,-1.2940952255125884,-1.1996760729592297,-0.2510271121763056
936,107.54773237408189,109.36,-8.328836195475178e-14,-1.3016512173526706,-0.5106164085653566
937,109.61646756434308,109.37,1.2940952255125648,-1.4018058848191721,0.35417822364967666
938,110.50190035688549,109.38,2.499999999999879,-1.499999999999995,0.12190035688559941
939,111.0473983610184,109.39,3.5355339059327697,-1.596096229546013,-0.2820393153683642
940,111.40001464539587,109.4,4.330127018922166,-1.6899601741908599,-0.6401521993354472
941,112.89439723886488,109.41,4.8296291314453015,-1.7814605567204893,0.43622866414007233
942,112.87463118340311,109.42,5.0,-1.8704694055762099,0.3251005889793305
943,112.25317896572132,109.43,4.829629131445358,-1.956862233834364,-0.049587931889691454
944,112.65292730363329,109.44,4.330127018922206,-2.04051821331275,0.9233184980238329
945,110.3291711792101,109.45,3.535533905932825,-2.1213203435596415,-0.5350423831630763
946,108.9980817990481,109.46000000000001,2.499999999999947,-2.1991556154894845,-0.7627625854623694
947,108.14422602113567,109.47,1.2940952255126406,-2.2739151694363566,-0.3459540349406222
948,107.11171254441832,109.48,1.3719139053633298e-13,-2.34549444740408,-0.022793008177748902
949,105.90378115984883,109.49,-1.2940952255125127,-2.413793339300002,0.12166972466134592
950,104.40066564812389,109.5,-2.4999999999999556,-2.4787163229479874,-0.12061802892816494
951,103.61032119463957,109.51,-3.5355339059327315,-2.540172597684849,0.1760276982571484
952,101.96602705762933,109.52,-4.3301270189221395,-2.5980762113533067,-0.625769712095222
953,102.76990699007744,109.53,-4.829629131445362,-2.6523461805138355,0.7218823020366297
954,101.79601780709646,109.54,-5.0,-2.702906603707258,-0.0410755891962844
955,102.52933201673876,109.55,-4.8296291314453725,-2.749686767609924,0.5586479157940638
956,102.60861440833402,109.56,-4.330127018922233,-2.7926212459326125,0.17136267318885207
957,103.43119271271902,109.57,-3.5355339059327626,-2.8316499909251056,0.22837660957689196
958,104.49816522275768,109.58,-2.499999999999994,-2.8667184173584213,0.28488364011610195
959,105.62198157562877,109.59,-1.2940952255126925,-2.8977774788672015,0.22385428000865748
960,106.99657764338812,109.6,-1.9109441911791415e-13,-2.9247837365454696,0.32136137993377195
961,108.62097207087893,109.61,1.294095225512598,-2.947699419699866,0.6645762650662157
962,109.25176810617526,109.62,2.4999999999999085,-2.966492478675385,0.09826058485073506
963,110.53889915504722,109.63,3.5355339059326933,-2.981136629679726,0.35450187879425615
964,110.93364778023503,109.64,4.330127018922184,-2.9916113915435396,-0.04486784714361336
965,112.2017856248049,109.65,4.829629131445348,-2.997902114365196,0.7200586077247364
966,111.32180384897036,109.66,5.0,-3.0,-0.33819615102963485
967,112.40219723353559,109.67,4.829629131445387,-2.9979021143651963,0.9004702164554078
968,110.99843665205647,109.68,4.330127018922188,-2.9916113915435396,-0.020078975322171705
969,109.52900972519404,109.69,3.535533905932801,-2.9811366296797277,-0.7153875510590241
970,109.29755972878004,109.7,2.5000000000000404,-2.9664924786753875,0.06405220745539464
971,107.71586997707531,109.71000000000001,1.2940952255126073,-2.9476994196998656,-0.3405258287374404
972,107.21553803794886,109.72,-3.921964660454472e-14,-2.9247837365454696,0.42032177449436203
973,105.21181530596904,109.73,-1.294095225512546,-2.8977774788672064,-0.32631198965119546
974,104.15018986603432,109.74,-2.499999999999862,-2.866718417358427,-0.22309171660738986
975,102.43804573766938,109.75,-3.5355339059327555,-2.831649990925105,-0.9447703654727655
976,102.4110985755207,109.76,-4.330127018922156,-2.7926212459326116,-0.22615315962453836
977,100.97874443763025,109.77,-4.8296291314453335,-2.7496867676099317,-1.2119396633144783
978,101.28514198454988,109.78,-5.0,-2.702906603707266,-0.7919514117428617
979,102.68823201611296,109.79,-4.829629131445364,-2.6523461805138244,0.3802073280721487
980,103.26469684904988,109.8,-4.330127018922215,-2.5980762113533165,0.3929000793254161
981,103.94702227727488,109.81,-3.5355339059327386,-2.540172597684859,0.21272878089248237
982,104.35779560548744,109.82,-2.499999999999964,-2.478716322947986,-0.4834880715646065
983,106.09825575711649,109.83,-1.294095225512522,-2.4137933393000006,-0.023855678070989927
984,107.49270428305047,109.84,-1.567919291290565e-13,-2.345494447404092,-0.0018012695452842022
985,108.29099771147985,109.85,1.2940952255124938,-2.2739151694363695,-0.5791823445962714
986,110.91254353539404,109.86,2.4999999999999383,-2.199155615489483,0.7516991508835753
987,111.72289470766091,109.87,3.5355339059327178,-2.12132034355964,0.4386811452878357
988,112.0591267186946,109.88,4.330127018922201,-2.040518213312764,-0.11048208691483197
989,112.77620981710818,109.89,4.829629131445283,-1.9568622338343782,0.01344291949726539
990,113.13372199839758,109.9,5.0,-1.870469405576208,0.10419140397377624
991,111.93730114051272,109.91,4.829629131445378,-1.7814605567205049,-1.0208674342121453
992,112.43657815347107,109.92,4.3301270189222425,-1.6899601741908756,-0.12358869126029846
993,111.52844555238788,109.93,3.535533905932777,-1.596096229546011,-0.3409921239988993
994,110.43918999505257,109.94,2.5000000000000107,-1.499999999999993,-0.5008100049474578
995,109.70173919425042,109.95,1.2940952255125744,-1.401805884819189,-0.14055014644297745
996,109.5571920460723,109.96000000000001,2.106949577106377e-13,-1.301651217352688,0.8988432634247613
997,107.79665013216156,109.97,-1.294095225512716,-1.1996760729592277,0.3204214306335049
998,106.09838743200955,109.98,-2.4999999999998916,-1.0960230730991807,-0.2855894948913984
999,105.74992029887989,109.99,-3.5355339059326796,-0.990837185865508,0.2862913906780793
